Node,Degree,Betweenness,Closeness,PageRank
NFKB1,7,0,0.14285714285714285,0.11299435028248588
