Node,Degree,Betweenness,Closeness,PageRank
ZNF263,317,0,0.0031545741324921135,0.0023554351666470377
SPI1,102,0,0.00980392156862745,0.0023554351666470377
NFKB1,7,0,0.14285714285714285,0.0023554351666470377
