"ID","Description","GeneRatio","BgRatio","RichFactor","FoldEnrichment","zScore","pvalue","p.adjust","qvalue","geneID","Count"
"GO:0015643","toxic substance binding","2/27","15/28366",0.133333333333333,140.079012345679,16.6304519538114,9.09134216553052e-05,0.00741537056439771,0.00463460660274857,"A4galt/Gstp2",2
"GO:0140103","catalytic activity, acting on a glycoprotein","2/27","22/28366",0.0909090909090909,95.5084175084175,13.6877567115349,0.000199188917107982,0.00741537056439771,0.00463460660274857,"Mgat4a/Gcnt1",2
"GO:0005184","neuropeptide hormone activity","2/27","28/28366",0.0714285714285714,75.042328042328,12.0991677621629,0.000324799253158994,0.00741537056439771,0.00463460660274857,"Gal/Oxt",2
"GO:0160041","neuropeptide activity","2/27","29/28366",0.0689655172413793,72.4546615581098,11.8832065468115,0.000348653720013447,0.00741537056439771,0.00463460660274857,"Gal/Oxt",2
"GO:0008194","UDP-glycosyltransferase activity","3/27","150/28366",0.02,21.0118518518519,7.58518540546717,0.000386217216895714,0.00741537056439771,0.00463460660274857,"A4galt/Mgat4a/Gcnt1",3
"GO:0016758","hexosyltransferase activity","3/27","193/28366",0.0155440414507772,16.3304548071387,6.59626601364078,0.000804190498003398,0.0110435771926921,0.00690223574543257,"A4galt/Mgat4a/Gcnt1",3
"GO:0008375","acetylglucosaminyltransferase activity","2/27","44/28366",0.0454545454545455,47.7542087542088,9.58001316843153,0.000805260836967133,0.0110435771926921,0.00690223574543257,"Mgat4a/Gcnt1",2
"GO:0016757","glycosyltransferase activity","3/27","271/28366",0.011070110701107,11.630176301763,5.42739724696717,0.00212874118640278,0.0255448942368333,0.0159655588980208,"A4galt/Mgat4a/Gcnt1",3
"GO:0001664","G protein-coupled receptor binding","3/27","338/28366",0.00887573964497041,9.32478632478633,4.75243741445265,0.00396769861482764,0.0423221185581615,0.0264513240988509,"Zbtb16/Gal/Oxt",3
