ID,Description,GeneRatio,BgRatio,RichFactor,FoldEnrichment,zScore,pvalue,p.adjust,qvalue,geneID,Count
GO:0005516,calmodulin binding,19/404,207/18639,0.09178743961352658,4.234718037021094,6.965829248088311,1.3491062252843084e-07,0.00010954742549308583,9.230726804576847e-05,RASGRF2/PLCB1/ITPKB/MYH9/MYO1E/ATP2B4/MYLK/KCNQ3/KCNN3/SLC8A3/MYH11/KCNH1/AEBP1/MAP2/RYR1/TTN/PPP3CA/MBP/SLC24A4,19
GO:0045296,cadherin binding,22/404,334/18639,0.0658682634730539,3.0389073338471575,5.596587617211845,4.169775405700316e-06,0.0016929288147143281,0.0014265021124764236,BMPR2/MACF1/DAB2IP/MYH9/CEMIP2/PPFIBP1/STAT1/FASN/CDH13/DDX3X/CDH20/CDH1/ZC3HAV1/CDH4/ACVR1/CDH12/LRRFIP1/CTNNAL1/HSPA5/ANK3/FLNA/HSPA1A,22
GO:0005178,integrin binding,13/404,161/18639,0.08074534161490683,3.725278273168932,5.169324112614873,5.0566512517662895e-05,0.013686669388114091,0.011532713381221362,SVEP1/SPP1/MYH9/FAP/PLPP3/GFRA1/CD9/ADAM23/ADAM9/TNC/FN1/CXCL12/ILK,13
GO:0009055,electron transfer activity,10/404,116/18639,0.08620689655172414,3.977253328781154,4.787696072509918,0.00021675012915667202,0.03590927229115247,0.03025800750486013,MT-CO2/MT-CO1/MT-CO3/MT-ND2/MT-ND4/NOX4/ME1/MT-CYB/QDPR/CYBB,10
GO:1990782,protein tyrosine kinase binding,10/404,117/18639,0.08547008547008547,3.9432597105864433,4.753516753706702,0.00023251922058712134,0.03590927229115247,0.03025800750486013,BMPR2/NEDD9/IRS2/HSP90AA1/NOX4/CDH1/CBLB/ACVR1/SHC2/PLCG2,10
GO:0019199,transmembrane receptor protein kinase activity,8/404,78/18639,0.10256410256410256,4.731911652703732,4.916040163241863,0.00028348721793140146,0.03590927229115247,0.03025800750486013,BMPR2/NRP1/FGFR1/CRIM1/ACVR1/EFEMP1/TGFBR3/IGF1R,8
GO:0046332,SMAD binding,8/404,79/18639,0.10126582278481013,4.672014036846723,4.868176827916476,0.0003095626921651075,0.03590927229115247,0.03025800750486013,SMAD6/SMAD3/MEF2A/SKIL/ACVR1/TGFBR3/PML/FLNA,8
GO:0003735,structural constituent of ribosome,12/404,175/18639,0.06857142857142857,3.1636209335219236,4.280305386901088,0.00044798818272296254,0.045470800546380696,0.038314778785516534,RPL28/RPLP1/RPS15/RPL37A/RPL10/RPL13A/RPS8/RPS11/RPL13/FAU/RPL18/RPS6,12
GO:0043495,protein-membrane adaptor activity,6/404,47/18639,0.1276595744680851,5.889719823046134,4.995825968583149,0.0005060373093627078,0.04565581057805764,0.03847067264160937,RETREG1/MYH9/PAQR3/SYNE1/BNIP3/SYNE2,6
