ID,Description,GeneRatio,BgRatio,RichFactor,FoldEnrichment,zScore,pvalue,p.adjust,qvalue,geneID,Count
HALLMARK_MTORC1_SIGNALING,HALLMARK_MTORC1_SIGNALING,20/159,200/4384,0.1,2.757232704402516,4.934229872130388,2.7440267434786744e-05,0.0013171328368697637,0.0010109572212816168,SCD/FADS1/P4HA1/INSIG1/GBE1/HK2/LDLR/GAPDH/ERO1A/CD9/ME1/SYTL2/PDK1/PIK3R3/STARD4/DDIT4/QDPR/NAMPT/CYP51A1/HSPA5,20
HALLMARK_CHOLESTEROL_HOMEOSTASIS,HALLMARK_CHOLESTEROL_HOMEOSTASIS,11/159,74/4384,0.14864864864864866,4.098589155192929,5.214493881134116,5.841457669033184e-05,0.0014019498405679642,0.0010760579916640075,SCD/SEMA3B/PLSCR1/LDLR/ANXA5/CD9/FASN/GNAI1/STARD4/ATF3/CYP51A1,11
HALLMARK_MYOGENESIS,HALLMARK_MYOGENESIS,19/159,200/4384,0.095,2.61937106918239,4.547120642362678,8.981658365579849e-05,0.0014370653384927759,0.0011030106764747182,DMD/SCD/CRYAB/SGCD/LPIN1/MYH9/APOD/IGFBP7/MYLK/SLC6A8/LAMA2/MEF2A/CDH13/MYH11/KCNH1/AEBP1/RYR1/NAV2/ACSL1,19
HALLMARK_EPITHELIAL_MESENCHYMAL_TRANSITION,HALLMARK_EPITHELIAL_MESENCHYMAL_TRANSITION,18/159,200/4384,0.09,2.4815094339622643,4.160011412594968,0.00027658092911436076,0.0026551769194978632,0.0020379647408426582,GREM1/SPP1/SGCD/FAP/ENO2/VEGFA/MYLK/SLC6A8/LAMA2/TNC/VCAN/FN1/NOTCH2/TGFBR3/CXCL12/NTM/FLNA/PLOD1,18
HALLMARK_HYPOXIA,HALLMARK_HYPOXIA,18/159,200/4384,0.09,2.4815094339622643,4.160011412594968,0.00027658092911436076,0.0026551769194978632,0.0020379647408426582,P4HA1/GBE1/MYH9/HK2/ENO2/VEGFA/IRS2/GAPDH/ERO1A/ANGPTL4/ETS1/PDK1/DDIT4/MT2A/ATF3/FOSL2/HSPA5/RRAGD,18
HALLMARK_UV_RESPONSE_DN,HALLMARK_UV_RESPONSE_DN,14/159,144/4384,0.09722222222222222,2.6806429070580013,3.9778161396988128,0.0006292830654609671,0.0050342645236877365,0.003864018823005938,NRP1/INSIG1/ATP2B4/PLPP3/LDLR/SMAD3/SYNE1/RBPMS/PIK3R3/EFEMP1/NOTCH2/TGFBR3/MMP16/IGF1R,14
HALLMARK_APICAL_JUNCTION,HALLMARK_APICAL_JUNCTION,16/159,200/4384,0.08,2.2057861635220126,3.385792953059549,0.0021655261801006662,0.01484932237783314,0.011397506211056138,NECTIN3/CNTN1/NEGR1/INSIG1/MYH9/EVL/ADAM23/GNAI1/ADAM9/CDH1/EPB41L2/PIK3R3/CDH4/PECAM1/VCAN/CLDN11,16
HALLMARK_ANGIOGENESIS,HALLMARK_ANGIOGENESIS,5/159,36/4384,0.1388888888888889,3.8294898672257163,3.3066297326576004,0.008940570905817463,0.047683044831026464,0.0365988282694282,NRP1/SPP1/VEGFA/FGFR1/VCAN,5
HALLMARK_HEDGEHOG_SIGNALING,HALLMARK_HEDGEHOG_SIGNALING,5/159,36/4384,0.1388888888888889,3.8294898672257163,3.3066297326576004,0.008940570905817463,0.047683044831026464,0.0365988282694282,NRP1/MYH9/VEGFA/RTN1/PML,5
