"category","subcategory","ID","Description","GeneRatio","BgRatio","RichFactor","FoldEnrichment","zScore","pvalue","p.adjust","qvalue","geneID","Count"
"Human Diseases","Infectious disease: viral","mmu05167","Kaposi sarcoma-associated herpesvirus infection","6/41","223/9577",0.0269058295964126,6.28480804987422,5.23580956869719,0.000338828963152446,0.0389400521535561,0.0341969781318448,"14972/12774/15039/15894/18710/15040",6
"Organismal Systems","Immune system","mmu04612","Antigen processing and presentation","4/41","87/9577",0.0459770114942529,10.7395570507429,5.98365577704252,0.000497887655385997,0.0389400521535561,0.0341969781318448,"14972/15039/15512/15040",4
"Human Diseases","Cardiovascular disease","mmu05416","Viral myocarditis","4/41","94/9577",0.0425531914893617,9.93980280228334,5.71110133894424,0.000667543751203819,0.0389400521535561,0.0341969781318448,"14972/15039/15894/15040",4
