Pathway,Overlap_Count,Pathway_Size,Query_Size,P_Value,Odds_Ratio,Fold_Enrichment,Overlap_Genes
dopamine_signaling,1,20,884,0.5952847181941859,1.1382757790640097,1.1312217194570136,HOMER2
reward_circuitry,1,19,884,0.5765504505544335,1.2015718796159065,1.1907597046915932,CRH
stress_response,2,21,884,0.23715828264229355,2.279069871311787,2.154708037060978,FOS;CRH
synaptic_plasticity,4,28,884,0.033371286665742704,3.6154748079444534,3.2320620555914674,HOMER2;FOS;JUNB;GRIA1
