ID,Description,GeneRatio,BgRatio,RichFactor,FoldEnrichment,zScore,pvalue,p.adjust,qvalue,geneID,Count
GO:0019955,cytokine binding,17/601,144/18639,0.11805555555555555,3.6612936772046587,5.851801403779662,4.071704251714315e-06,0.0036726772350463123,0.003175929316337166,CX3CR1/ZFP36/ITGB3/TGFB3/CHRDL1/GBP1/CNTFR/ACKR3/NBL1/PDPN/CCR1/TGFBR1/VASN/CD36/OSMR/LRG1/CSF2RA,17
GO:0140375,immune receptor activity,17/601,156/18639,0.10897435897435898,3.3796557020350697,5.4479472266890605,1.2009730780539716e-05,0.0054163885820234115,0.0046837950044104895,CX3CR1/IL4R/FCGR1A/FCGR3A/FCGR2A/FPR1/FCER1G/CNTFR/IL1RAP/ACKR3/LILRB3/CCR1/CMKLR1/OSMR/CR1/HLA-DRB1/CSF2RA,17
GO:0050431,transforming growth factor beta binding,6/601,24/18639,0.25,7.753327787021631,6.042750021975739,8.980757869852645e-05,0.02700214532869029,0.02334997046161688,TGFB3/CHRDL1/TGFBR1/VASN/CD36/LRG1,6
GO:0019838,growth factor binding,14/601,136/18639,0.10294117647058823,3.192546735832436,4.684248621305676,0.0001291467622393786,0.029122594884979872,0.02518361863667883,FGFR3/ITGB3/TGFB3/PDGFRB/CHRDL1/COL4A1/CNTFR/TGFBR1/VASN/ITGB4/CD36/OSMR/LRG1/EPHA2,14
GO:0030594,neurotransmitter receptor activity,11/601,97/18639,0.1134020618556701,3.5169734291644508,4.536583491267508,0.0002886581803790803,0.041844466167924914,0.03618479336028984,GABRB1/GABRG1/HTR2A/GRIA1/GABRA4/GABRA2/HRH2/ADRB1/GRIK3/CHRM2/HTR1E,11
GO:0019864,IgG binding,4/601,11/18639,0.36363636363636365,11.277567690213282,6.2236659206454945,0.0002947417707148411,0.041844466167924914,0.03618479336028984,FCGR1A/FCGR3A/FCGR2A/FCER1G,4
GO:0042578,phosphoric ester hydrolase activity,25/601,363/18639,0.06887052341597796,2.135902971631303,3.989299769853401,0.0003247353250282421,0.041844466167924914,0.03618479336028984,PDE7B/ATP1A2/PLCXD3/PLCB1/PTPN14/PLCH1/NT5E/MTMR11/PTPN20/ACP6/DUSP1/EYA2/PDE3A/CAMK2G/DUSP5/PTPRT/PON3/CTDSPL/CCR1/PTPRR/PLCB4/DUSP3/EYA1/PPM1L/PPP1R3B,25
GO:0097677,STAT family protein binding,4/601,12/18639,0.3333333333333333,10.337770382695508,5.906157912725882,0.00043086659466567073,0.048580208548554375,0.042009492979902904,CEBPA/PTPRT/DTX3L/PARP9,4
