ID,Description,GeneRatio,BgRatio,RichFactor,FoldEnrichment,zScore,pvalue,p.adjust,qvalue,geneID,Count
R-HSA-6785807,Interleukin-4 and Interleukin-13 signaling,20/416,108/11214,0.18518518518518517,4.991987179487179,8.181974014163375,2.2411487304995325e-09,2.238907581769033e-06,2.127911742011135e-06,SOCS3/CDKN1A/PIM1/IL1B/CCL2/IL4R/JAK3/HMOX1/CEBPD/BCL6/FOS/PTGS2/OSM/IL1A/CD36/ALOX5/ANXA1/MCL1/JUNB/ICAM1,20
R-HSA-449147,Signaling by Interleukins,41/416,460/11214,0.0891304347826087,2.402665133779264,6.02953494344101,1.5729810187939168e-07,7.857040188875615e-05,7.467520415537437e-05,SOCS3/CDKN1A/PIM1/IL1B/CCL2/IL4R/JAK3/TIFA/HMOX1/CEBPD/PTPN14/FPR1/IL27/PTPN20/BCL6/CNTFR/FOS/IL1RAP/BLNK/NLRC5/LMNB1/CISH/NFKBIA/PTGS2/LCP1/CCR1/ANXA2/OSM/IL1A/CCL4/DUSP3/IL33/CD36/OSMR/ALOX5/ANXA1/CSF1/MCL1/JUNB/CSF2RA/ICAM1,41
R-HSA-3000171,Non-integrin membrane-ECM interactions,12/416,80/11214,0.15,4.0435096153846155,5.362039118015006,3.548131414600562e-05,0.01181527761061987,0.011229524687613006,COL5A3/ITGB3/SNTA1/SGCZ/COL4A1/SGCD/COL4A2/LAMA4/NTN4/ITGB4/LAMA1/COL5A2,12
R-HSA-6783783,Interleukin-10 signaling,9/416,47/11214,0.19148936170212766,5.161927168576105,5.611914706898685,4.7461714245600366e-05,0.01185356313283869,0.01126591217092935,IL1B/CCL2/FPR1/PTGS2/CCR1/IL1A/CCL4/CSF1/ICAM1,9
R-HSA-5602498,MyD88 deficiency (TLR2/4),5/416,17/11214,0.29411764705882354,7.928450226244345,5.6110693676331715,0.00029319785072410274,0.04916195827149083,0.046724710353389945,TLR2/CD14/S100A8/S100A9/CD36,5
R-HSA-9658195,Leishmania infection,16/416,163/11214,0.09815950920245399,2.646059462010382,4.155032710507966,0.000361570112851416,0.04916195827149083,0.046724710353389945,IL1B/DPEP2/CD163/HMOX1/FCGR1A/FCGR3A/WIPF3/FCGR2A/NT5E/CYSLTR1/ADCY3/IL1A/PRKX/MEFV/GNB3/GNG11,16
R-HSA-9824443,Parasitic Infection Pathways,16/416,163/11214,0.09815950920245399,2.646059462010382,4.155032710507966,0.000361570112851416,0.04916195827149083,0.046724710353389945,IL1B/DPEP2/CD163/HMOX1/FCGR1A/FCGR3A/WIPF3/FCGR2A/NT5E/CYSLTR1/ADCY3/IL1A/PRKX/MEFV/GNB3/GNG11,16
R-HSA-5603041,IRAK4 deficiency (TLR2/4),5/416,18/11214,0.2777777777777778,7.487980769230769,5.406924140101768,0.00039368935552745407,0.04916195827149083,0.046724710353389945,TLR2/CD14/S100A8/S100A9/CD36,5
