pathway1,pathway2,similarity
hsa05410,hsa05414,0.875
hsa05412,hsa05414,0.72
hsa05414,hsa05410,0.875
hsa05412,hsa05410,0.75
hsa05414,hsa05412,0.72
hsa05410,hsa05412,0.75
hsa00062,hsa01040,0.8333333333333334
hsa01040,hsa00062,0.8333333333333334
