ID,Description,GeneRatio,BgRatio,RichFactor,FoldEnrichment,zScore,pvalue,p.adjust,qvalue,geneID,Count
HALLMARK_IL6_JAK_STAT3_SIGNALING,HALLMARK_IL6_JAK_STAT3_SIGNALING,2/3,87/1160,0.022988505747126436,8.88888888888889,3.894137395103889,0.015878437280664508,0.04763531184199352,0.03342828901192528,CD9/STAT3,2
HALLMARK_IL2_STAT5_SIGNALING,HALLMARK_IL2_STAT5_SIGNALING,1/3,199/1160,0.005025125628140704,1.9430485762144054,0.7439342847725452,0.43171885961957635,0.4334928902347075,0.30420553700681224,IGF1R,1
HALLMARK_MTORC1_SIGNALING,HALLMARK_MTORC1_SIGNALING,1/3,200/1160,0.005,1.9333333333333333,0.7385022516706732,0.4334928902347075,0.4334928902347075,0.30420553700681224,CD9,1
