ID,Description,GeneRatio,BgRatio,RichFactor,FoldEnrichment,zScore,pvalue,p.adjust,qvalue,geneID,Count
R-HSA-75892,Platelet Adhesion to exposed collagen,2/26,16/11214,0.125,53.91346153846154,10.210036378167585,0.0006080450739377765,0.04560995000732917,0.034990684216149044,FCER1G/COL1A2,2
R-HSA-5602498,MyD88 deficiency (TLR2/4),2/26,17/11214,0.11764705882352941,50.7420814479638,9.893932248433783,0.0006881358980285993,0.04560995000732917,0.034990684216149044,CD14/S100A9,2
R-HSA-5603041,IRAK4 deficiency (TLR2/4),2/26,18/11214,0.1111111111111111,47.92307692307692,9.60423209362042,0.0007730500001242232,0.04560995000732917,0.034990684216149044,CD14/S100A9,2
