ID,Description,GeneRatio,BgRatio,RichFactor,FoldEnrichment,zScore,pvalue,p.adjust,qvalue,geneID,Count,fold_enrichment,ci_lower,ci_upper
HALLMARK_COMPLEMENT,HALLMARK_COMPLEMENT,1/1,192/4136,0.005208333333333333,21.541666666666664,4.532291546962382,0.046421663442940075,0.046421663442940075,NA,HSPA1A,1,101.58854166666667,6.330820460286376,1630.1570803815275
