"ID","Description","setSize","enrichmentScore","NES","pvalue","p.adjust","qvalue","rank","leading_edge","core_enrichment"
"GO:0003735","structural constituent of ribosome",63,0.89344517736782,3.25594667651507,1e-10,1.78333333333333e-08,1.67017543859649e-08,274,"tags=84%, list=8%, signal=79%","6134/6144/6176/6233/6156/6206/6141/6232/6168/6158/6203/23521/6194/6137/6187/6139/2197/6161/6217/6208/6202/6143/6142/6223/6222/6230/6122/6147/6171/6130/6193/6228/6135/6165/6154/6152/9045/6159/6164/11224/6209/6205/6207/9349/6181/6224/6191/6132/25873/7311/6155/6229/6128"
"GO:0005198","structural molecule activity",173,0.633307961273491,2.74827556804463,1e-10,1.78333333333333e-08,1.67017543859649e-08,341,"tags=41%, list=10%, signal=39%","26059/6134/1756/5010/6144/6176/6233/6156/6206/7846/6141/6232/6168/6158/6203/3908/23521/6194/6137/6187/4147/6139/51090/10382/2197/6161/6217/6208/6202/6143/6142/6223/6222/6230/6122/6147/6171/6130/6193/567/6228/6135/6165/6154/1410/6152/9045/6159/6164/11224/6209/6205/4118/6207/9349/6181/6224/6191/6132/25873/9053/7311/6155/825/6229/6128/10376/1116/2335/6169/6136"
"GO:0003723","RNA binding",215,0.59321632189178,2.62054810455488,1e-10,1.78333333333333e-08,1.67017543859649e-08,274,"tags=29%, list=8%, signal=28%","6134/6774/6144/6233/6156/6206/6141/6232/6168/6158/6203/23521/6194/6137/6187/6139/1267/2197/6161/6217/6208/6202/6143/6142/6223/6222/7316/6230/6122/6147/6171/6130/7978/6193/6228/6135/6165/6154/7178/6152/9045/105/6159/6164/11224/6209/6205/6207/9349/580/4857/7538/6224/9021/6191/6132/25873/8531/10495/6155/6229/6128"
"GO:0019843","rRNA binding",16,0.776185146778549,2.08821083493153,0.000112881725721629,0.0120423031524086,0.0112781825883847,341,"tags=69%, list=10%, signal=62%","6203/6222/6147/6193/6135/6205/6207/9349/6191/6132/6136"
"GO:0009055","electron transfer activity",25,0.691401756787746,2.07047639953138,9.94140119065646e-05,0.0120423031524086,0.0112781825883847,430,"tags=48%, list=12%, signal=42%","4535/4514/4513/4538/4537/4536/4512/4519/4199/1327/444/5860"
"GO:0003729","mRNA binding",50,0.551823028771967,1.94634583044714,0.000135053867129817,0.0120423031524086,0.0112781825883847,240,"tags=24%, list=7%, signal=23%","23521/6187/6208/6171/6193/6154/6152/11224/6207/4857/7538/8531"
"GO:0015078","proton transmembrane transporter activity",26,0.646431677666135,1.964607666162,0.00056370019383346,0.0430828005287001,0.040349066505974,349,"tags=42%, list=10%, signal=38%","4508/4535/4514/4513/4538/4537/4536/4512/4519/6556/1327"
