"ID","Description","setSize","enrichmentScore","NES","pvalue","p.adjust","qvalue","rank","leading_edge","core_enrichment"
"hsa03010","Ribosome",64,0.898056920772283,3.29190482605125,1e-10,1.21e-08,1.17894736842105e-08,274,"tags=83%, list=8%, signal=78%","6134/6144/6176/6233/6156/6206/6141/6232/6168/6158/6203/23521/6194/6137/6187/6139/2197/6161/6217/6208/6202/6143/6142/6223/6222/6230/6122/6147/6171/6130/6193/6228/6135/6165/6154/6152/9045/6159/6164/11224/6209/6205/6207/9349/6181/6224/6191/6132/25873/7311/6155/6229/6128"
"hsa05171","Coronavirus disease - COVID-19",99,0.767247042152175,3.06566020507556,1e-10,1.21e-08,1.17894736842105e-08,341,"tags=61%, list=10%, signal=56%","6134/6774/6144/6176/6233/6156/6206/6141/6232/6168/6158/6203/23521/6194/6137/6187/6139/2197/6161/6217/6208/6202/6143/6142/6223/6222/6230/6122/6147/6171/6130/6193/6228/6135/6165/6154/6152/9045/6159/3455/6164/11224/6209/6205/6207/9349/6181/6224/6191/6132/25873/7311/6155/6229/2353/6128/6772/7099/6169/6136"
"hsa00190","Oxidative phosphorylation",21,0.739089706815884,2.1464009582925,0.000132028359049301,0.0106502876299769,0.0103769657638749,435,"tags=57%, list=12%, signal=50%","4508/4535/4514/4513/4538/4537/4536/4512/4519/1327/51079/7381"
"hsa04310","Wnt signaling pathway",50,-0.574241780620719,-1.72659902888042,0.0007768533594281,0.0469996282454,0.0457934611873406,987,"tags=48%, list=28%, signal=35%","5332/5579/23002/27130/5534/9475/4088/896/6907/818/4775/147495/55366/5578/85407/5530/5599/6934/5602/4919/1488/8549/7091/23500"
