"ID","Description","GeneRatio","BgRatio","RichFactor","FoldEnrichment","zScore","pvalue","p.adjust","qvalue","geneID","Count"
"R-HSA-418457","cGMP effects","2/26","16/11214",0.125,53.9134615384615,10.2100363781676,0.000608045073937776,0.0388773841203473,0.0332885692782236,"KCNMB4/PDE1A",2
"R-HSA-3000480","Scavenging by Class A Receptors","2/26","19/11214",0.105263157894737,45.4008097165992,9.33742223594629,0.000862766318320961,0.0388773841203473,0.0332885692782236,"FTH1/FTL",2
"R-HSA-6794362","Protein-protein interactions at synapses","3/26","86/11214",0.0348837209302326,15.0456171735242,6.30308045228471,0.000996721178453076,0.0388773841203473,0.0332885692782236,"NRXN3/EPB41L2/GRIA4",3
"R-HSA-392154","Nitric oxide stimulates guanylate cyclase","2/26","22/11214",0.0909090909090909,39.2097902097902,8.64775742908247,0.00116051892896559,0.0388773841203473,0.0332885692782236,"KCNMB4/PDE1A",2
