"ID","Description","GeneRatio","BgRatio","RichFactor","FoldEnrichment","zScore","pvalue","p.adjust","qvalue","geneID","Count"
"R-HSA-1428517","Aerobic respiration and respiratory electron transport","5/21","261/11214",0.0191570881226054,10.2298850574713,6.53502583854568,9.85289628611162e-05,0.0107415915503867,0.00805703999052009,"MT-ATP6/MT-ND3/MT-ND4/MT-CO3/MT-CO2",5
"R-HSA-9707564","Cytoprotection by HMOX1","3/21","60/11214",0.05,26.7,8.64551233992363,0.000180841689394449,0.0107415915503867,0.00805703999052009,"STAT3/MT-CO3/MT-CO2",3
"R-HSA-611105","Respiratory electron transport","4/21","159/11214",0.0251572327044025,13.4339622641509,6.83952655793186,0.000192962722462036,0.0107415915503867,0.00805703999052009,"MT-ND3/MT-ND4/MT-CO3/MT-CO2",4
