"category","subcategory","ID","Description","GeneRatio","BgRatio","RichFactor","FoldEnrichment","zScore","pvalue","p.adjust","qvalue","geneID","Count"
"Environmental Information Processing","Signal transduction","mmu04070","Phosphatidylinositol signaling system","17/380","96/9577",0.177083333333333,4.46296600877193,6.93134547526128,1.84498598722032e-07,5.68255684063857e-05,4.87464718728736e-05,"56077/74302/18711/212111/72469/227333/19211/16331/327655/380921/224020/18710/269180/170749/18706/18750/320127",17
"Metabolism","Carbohydrate metabolism","mmu00562","Inositol phosphate metabolism","12/380","72/9577",0.166666666666667,4.20043859649123,5.54064673099016,2.27924528602835e-05,0.00351003774048365,0.00301100298312166,"30955/74302/18711/212111/72469/19211/16331/170835/224020/269180/170749/18706",12
"Human Diseases","Cancer: specific types","mmu05223","Non-small cell lung cancer","11/380","72/9577",0.152777777777778,3.85040204678363,4.9346582683492,0.000113573846228837,0.0116602482128273,0.0100024685626099,"56289/58231/23882/13557/14198/18710/109880/18607/12567/18706/18750",11
"Human Diseases","Cancer: specific types","mmu05225","Hepatocellular carcinoma","18/380","175/9577",0.102857142857143,2.59227067669173,4.32102293923521,0.000196388733654999,0.0151219324914349,0.0129719926703697,"66923/23882/93687/14871/239985/13557/14371/19211/18710/109880/20586/77044/93760/50493/12567/14365/18706/18750",18
"Cellular Processes","Transport and catabolism","mmu04144","Endocytosis","23/380","270/9577",0.0851851851851852,2.14689083820663,3.88561603174896,0.00045143541551713,0.0278084215958552,0.0238547977462736,"12774/52348/14972/15024/15039/15040/54189/211673/19326/16396/68767/16835/71770/107338/67300/19334/18806/12402/215445/347722/69091/70160/13196",23
"Organismal Systems","Endocrine system","mmu04928","Parathyroid hormone synthesis, secretion and action","13/380","116/9577",0.112068965517241,2.82443284936479,4.01836266738865,0.000665092268381409,0.0341414031102456,0.0292873963796024,"14281/11911/18577/13653/75607/232341/109880/104111/18806/14679/104110/11515/18750",13
"Human Diseases","Drug resistance: antineoplastic","mmu01522","Endocrine resistance","11/380","93/9577",0.118279569892473,2.98095642331636,3.90194728226406,0.00108839065196837,0.0478891886866085,0.0410806095705357,"14281/54485/13557/18710/109880/104111/19014/104110/12567/11515/18706",11
