Disease,PC1,PC2
No Neuropathology,-0.36523245550657496,-0.7980149822255069
AD,2.753040084267776,-1.4106945664344237
MS,-2.44889383830232,-1.3284010980181018
Epilepsy,3.98323779793094,0.9440075474900675
LBD,-0.837638865270912,1.0886187997281462
COVID-19,-2.0179568914430033,0.9508042514820184
ASD,-1.0665558316759038,0.5536800479778005
