ID,Description,GeneRatio,BgRatio,RichFactor,FoldEnrichment,zScore,pvalue,p.adjust,qvalue,geneID,Count
SA_MMP_CYTOKINE_CONNECTION,SA_MMP_CYTOKINE_CONNECTION,4/12,12/161,0.3333333333333333,4.472222222222222,3.537223333521678,0.006486610724954529,0.05189288579963623,0.04096806773655492,CD44/TNFRSF1A/IL1B/FCGR3A,4
SA_G1_AND_S_PHASES,SA_G1_AND_S_PHASES,2/12,5/161,0.4,5.366666666666667,2.806274978994324,0.04506829436129043,0.18027317744516172,0.1423209295619698,CDK2/CDKN1A,2
SA_G2_AND_M_PHASES,SA_G2_AND_M_PHASES,1/12,6/161,0.16666666666666666,2.236111111111111,0.8730211526544629,0.37651738543664004,0.743519867709165,0.5869893692440776,CDKN1A,1
SIG_PIP3_SIGNALING_IN_CARDIAC_MYOCTES,SIG_PIP3_SIGNALING_IN_CARDIAC_MYOCTES,3/12,30/161,0.1,1.3416666666666668,0.5869283268890331,0.3934211636096048,0.743519867709165,0.5869893692440776,GADD45A/CDK2/MYC,3
SA_TRKA_RECEPTOR,SA_TRKA_RECEPTOR,1/12,10/161,0.1,1.3416666666666668,0.31562516112739886,0.5497969422688317,0.743519867709165,0.5869893692440776,CDKN1A,1
SIG_IL4RECEPTOR_IN_B_LYPHOCYTES,SIG_IL4RECEPTOR_IN_B_LYPHOCYTES,1/12,13/161,0.07692307692307693,1.0320512820512822,0.03409916187540663,0.6494351090224157,0.743519867709165,0.5869893692440776,IL4R,1
WNT_SIGNALING,WNT_SIGNALING,3/12,42/161,0.07142857142857142,0.9583333333333334,-0.08885817778892628,0.6505798842455194,0.743519867709165,0.5869893692440776,WNT8A/MYC/FOSL1,3
SIG_BCR_SIGNALING_PATHWAY,SIG_BCR_SIGNALING_PATHWAY,1/12,24/161,0.041666666666666664,0.5590277777777778,-0.6625429706416626,0.8663920674724966,0.8663920674724966,0.6839937374782868,CR2,1
