ID,Description,GeneRatio,BgRatio,RichFactor,FoldEnrichment,zScore,pvalue,p.adjust,qvalue,geneID,Count
SA_G1_AND_S_PHASES,SA_G1_AND_S_PHASES,2/4,5/161,0.4,16.1,5.458078921229587,0.004541749306860778,0.027250495841164672,0.02390394372031989,CDK2/CDKN1A,2
SA_G2_AND_M_PHASES,SA_G2_AND_M_PHASES,1/4,6/161,0.16666666666666666,6.708333333333333,2.267562479850863,0.14219738112792168,0.3459543514605249,0.3034687293513376,CDKN1A,1
SA_TRKA_RECEPTOR,SA_TRKA_RECEPTOR,1/4,10/161,0.1,4.025,1.571726827536846,0.2281798364354619,0.3459543514605249,0.3034687293513376,CDKN1A,1
SA_MMP_CYTOKINE_CONNECTION,SA_MMP_CYTOKINE_CONNECTION,1/4,12/161,0.08333333333333333,3.3541666666666665,1.3488847841362641,0.2686620595840127,0.3459543514605249,0.3034687293513376,IL1B,1
SIG_IL4RECEPTOR_IN_B_LYPHOCYTES,SIG_IL4RECEPTOR_IN_B_LYPHOCYTES,1/4,13/161,0.07692307692307693,3.0961538461538463,1.2543078305574307,0.28829529288377076,0.3459543514605249,0.3034687293513376,IL4R,1
SIG_PIP3_SIGNALING_IN_CARDIAC_MYOCTES,SIG_PIP3_SIGNALING_IN_CARDIAC_MYOCTES,1/4,30/161,0.03333333333333333,1.3416666666666666,0.3301168945470866,0.5654755105643465,0.5654755105643465,0.4960311496178479,CDK2,1
