ID,Description,GeneRatio,BgRatio,RichFactor,FoldEnrichment,zScore,pvalue,p.adjust,qvalue,geneID,Count
SA_G1_AND_S_PHASES,SA_G1_AND_S_PHASES,2/15,5/161,0.4,4.293333333333334,2.3904936028244452,0.06893629098308199,0.3886453422995678,0.3886453422995678,CDK2/CDKN1A,2
SA_MMP_CYTOKINE_CONNECTION,SA_MMP_CYTOKINE_CONNECTION,3/15,12/161,0.25,2.683333333333333,1.9368536447042028,0.08636563162212618,0.3886453422995678,0.3886453422995678,TNFRSF1A/IL1B/FCGR3A,3
SA_TRKA_RECEPTOR,SA_TRKA_RECEPTOR,2/15,10/161,0.2,2.146666666666667,1.1964041399662566,0.23542709183192523,0.7062812754957757,0.7062812754957757,NGFR/CDKN1A,2
SA_B_CELL_RECEPTOR_COMPLEXES,SA_B_CELL_RECEPTOR_COMPLEXES,2/15,15/161,0.13333333333333333,1.431111111111111,0.5602574119385073,0.419340704269364,0.7339393939067055,0.7339393939067055,BLNK/PAPPA,2
SA_G2_AND_M_PHASES,SA_G2_AND_M_PHASES,1/15,6/161,0.16666666666666666,1.7888888888888888,0.6292957639622064,0.44931591687531824,0.7339393939067055,0.7339393939067055,CDKN1A,1
SIG_PIP3_SIGNALING_IN_CARDIAC_MYOCTES,SIG_PIP3_SIGNALING_IN_CARDIAC_MYOCTES,3/15,30/161,0.1,1.0733333333333335,0.1422838468974714,0.5569898127728696,0.7339393939067055,0.7339393939067055,GADD45A/CDK2/MYC,3
WNT_SIGNALING,WNT_SIGNALING,4/15,42/161,0.09523809523809523,1.0222222222222221,0.053526376393579975,0.5847428405023742,0.7339393939067055,0.7339393939067055,WNT8A/MYC/FOSL1/WNT7B,4
SIG_BCR_SIGNALING_PATHWAY,SIG_BCR_SIGNALING_PATHWAY,2/15,24/161,0.08333333333333333,0.8944444444444444,-0.17912476188639231,0.6914356459663202,0.7339393939067055,0.7339393939067055,BLNK/CR2,2
SIG_IL4RECEPTOR_IN_B_LYPHOCYTES,SIG_IL4RECEPTOR_IN_B_LYPHOCYTES,1/15,13/161,0.07692307692307693,0.8256410256410257,-0.20951461205246744,0.7339393939067055,0.7339393939067055,0.7339393939067055,IL4R,1
