category,subcategory,ID,Description,GeneRatio,BgRatio,RichFactor,FoldEnrichment,zScore,pvalue,p.adjust,qvalue,geneID,Count
Human Diseases,Infectious disease: viral,hsa05171,Coronavirus disease - COVID-19,41/204,238/9387,0.1722689075630252,7.9269031141868505,16.13258063385065,6.729440634306561e-26,1.7833017680912387e-23,1.6008985087929293e-23,6143/6202/6168/6233/6147/6208/6176/6181/6224/6194/6228/7099/6161/6207/6205/6154/6152/6222/6189/6210/6191/6229/6169/4792/6139/6129/6164/6134/6135/9349/2197/6232/6206/6227/23521/4736/6209/6132/6142/11224/6230,41
Human Diseases,Cardiovascular disease,hsa05412,Arrhythmogenic right ventricular cardiomyopathy,12/204,86/9387,0.13953488372093023,6.420656634746922,7.526609220960368,2.9967791487442176e-07,3.9707323720860886e-05,3.56458993482207e-05,29119/88/3673/6262/55799/1756/1496/6444/4000/6934/775/3693,12
Human Diseases,Neurodegenerative disease,hsa05012,Parkinson disease,16/204,271/9387,0.05904059040590406,2.716735402648144,4.27414170782841,0.0002702243578397188,0.023869818275841826,0.021428317498868928,4537/6233/4508/201266/7846/347733/4707/3709/4538/4217/817/10975/2778/4513/5690/126328,16
Human Diseases,Cardiovascular disease,hsa05414,Dilated cardiomyopathy,9/204,105/9387,0.08571428571428572,3.9441176470588237,4.52159952372937,0.0004492948289445145,0.029765782417574087,0.026721218774068498,3673/6262/55799/1756/6444/4000/775/2778/3693,9
Cellular Processes,Cellular community - eukaryotes,hsa04520,Adherens junction,8/204,93/9387,0.08602150537634409,3.9582542694497156,4.273057202611799,0.0009085955516002519,0.048155564234813354,0.04323001992876988,3480/29119/5797/25945/1496/10580/6934/5795,8
