category,subcategory,ID,Description,GeneRatio,BgRatio,RichFactor,FoldEnrichment,zScore,pvalue,p.adjust,qvalue,geneID,Count
Human Diseases,Infectious disease: viral,hsa05171,Coronavirus disease - COVID-19,41/204,238/9389,0.1722689075630252,7.928592025045313,16.134712614454365,6.675756739696251e-26,1.7690755360195065e-23,1.5881273928119502e-23,6143/6202/6168/6233/6147/6208/6176/6181/6224/6194/6228/7099/6161/6207/6205/6154/6152/6222/6189/6210/6191/6229/6169/4792/6139/6129/6164/6134/6135/9349/2197/6232/6206/6227/23521/4736/6209/6132/6142/11224/6230,41
Human Diseases,Cardiovascular disease,hsa05412,Arrhythmogenic right ventricular cardiomyopathy,12/204,86/9389,0.13953488372093023,6.42202462380301,7.5276816556645745,2.990030559419424e-07,3.961790491230737e-05,3.5565626654146837e-05,29119/88/3673/6262/55799/1756/1496/6444/4000/6934/775/3693,12
Human Diseases,Neurodegenerative disease,hsa05012,Parkinson disease,16/204,271/9389,0.05904059040590406,2.7173142319658488,4.275103805223298,0.0002695868544348692,0.023813505475080113,0.021377764597291384,4537/6233/4508/201266/7846/347733/4707/3709/4538/4217/817/10975/2778/4513/5690/126328,16
Human Diseases,Cardiovascular disease,hsa05414,Dilated cardiomyopathy,9/204,105/9389,0.08571428571428572,3.9449579831932775,4.522392273126266,0.00044860671724608,0.0297201950175528,0.026680294236214232,3673/6262/55799/1756/6444/4000/775/2778/3693,9
Cellular Processes,Cellular community - eukaryotes,hsa04520,Adherens junction,8/204,93/9389,0.08602150537634409,3.959097617541641,4.273805493126829,0.0009073541588706,0.0480897704201418,0.04317095576942223,3480/29119/5797/25945/1496/10580/6934/5795,8
