ID,Description,GeneRatio,BgRatio,RichFactor,FoldEnrichment,zScore,pvalue,p.adjust,qvalue,geneID,Count
GO:0016342,catenin complex,3/43,31/19880,0.0967741935483871,44.741185296324076,11.347379416439198,4.061586681793225e-05,0.002988122521320456,0.0021711556279738757,CTNNA2/CDH19/CDH20,3
GO:0005912,adherens junction,5/43,189/19880,0.026455026455026454,12.230835486649438,7.222749943809157,5.288712427115852e-05,0.002988122521320456,0.0021711556279738757,CTNNA2/CDH19/CDH20/EPHA4/VEGFA,5
GO:0031091,platelet alpha granule,3/43,91/19880,0.03296703296703297,15.241502683363148,6.339544955972889,0.0010029315438919593,0.0376700315212603,0.027370865939993504,PCDH7/VEGFA/A2M,3
GO:0019897,extrinsic component of plasma membrane,3/43,107/19880,0.028037383177570093,12.962399478374268,5.776534945976192,0.0015997200839059345,0.0376700315212603,0.027370865939993504,CTNNA2/CDH19/CDH20,3
GO:0044295,axonal growth cone,2/43,28/19880,0.07142857142857142,33.02325581395349,7.894704247876766,0.0016668155540380662,0.0376700315212603,0.027370865939993504,EPHA4/NRXN1,2
GO:0016323,basolateral plasma membrane,4/43,264/19880,0.015151515151515152,7.00493305144468,4.572970553391625,0.0024976878679044403,0.045338057180705764,0.03294241695477457,SLC4A4/SLC14A1/CD44/SLC39A14,4
GO:0097060,synaptic membrane,5/43,452/19880,0.011061946902654867,5.11422103313439,4.119422038415941,0.0028085522147339856,0.045338057180705764,0.03294241695477457,SYNE1/TENM2/EPHA4/NRXN1/CNTNAP4,5
