ID,Description,GeneRatio,BgRatio,RichFactor,FoldEnrichment,zScore,pvalue,p.adjust,qvalue,geneID,Count
R-HSA-9012999,RHO GTPase cycle,21/190,448/11214,0.046875,2.766611842105263,5.009807814435301,2.2928725214615595e-05,0.014519123793732849,0.013722195713994542,STARD13/PCDH7/SH3RF1/PDE5A/RASGRF2/ARHGEF3/PTPN13/DIAPH2/MSI2/UACA/TRIO/KALRN/FARP1/ARHGAP12/PLEKHG1/SPTAN1/ACTN1/PAK1/DLC1/RAPGEF1/CPNE8,21
R-HSA-6794361,Neurexins and neuroligins,7/190,55/11214,0.12727272727272726,7.5117703349282285,6.355297571366538,3.6618218899704536e-05,0.014519123793732849,0.013722195713994542,GRIN2A/SYT1/CASK/NRXN1/EPB41L3/EPB41/DLGAP1,7
R-HSA-6794362,Protein-protein interactions at synapses,8/190,86/11214,0.09302325581395349,5.4903304773561805,5.487658556074464,0.0001005889802502471,0.026589020446148647,0.02512959787304419,GRIN2A/IL1RAPL2/SYT1/CASK/NRXN1/EPB41L3/EPB41/DLGAP1,8
