"logFC","logCPM","F","PValue","FDR","gene_id","significant","direction","regulation"
-0.904585554924346,2.44701399080756,33.7853125342104,2.88608215314032e-06,0.0323139904271413,"ENSMUSG00000025188",TRUE,"Down","Down regulated"
-5.66899970681401,2.36231098443228,28.4763138686046,4.17682290792236e-06,0.0323139904271413,"ENSMUSG00000066407",TRUE,"Down","Down regulated"
-3.27006257962851,5.30340254553326,30.5061574825501,6.35833519699668e-06,0.0327941735010432,"ENSMUSG00000035383",TRUE,"Down","Down regulated"
