category,subcategory,ID,Description,GeneRatio,BgRatio,RichFactor,FoldEnrichment,zScore,pvalue,p.adjust,qvalue,geneID,Count
Human Diseases,Infectious disease: viral,hsa05171,Coronavirus disease - COVID-19,39/184,238/9389,0.1638655462184874,8.361595725246621,16.26333920295067,1.4471989797829943e-25,3.4009176024900367e-23,3.046734694279988e-23,6143/6202/6168/6233/6147/6208/6176/6181/6224/6194/6228/6161/6207/6205/6154/6152/6222/6189/6210/6191/6229/6169/6139/6129/6164/6134/6135/9349/2197/6232/6206/6227/23521/4736/6209/6132/6142/11224/6230,39
Human Diseases,Cardiovascular disease,hsa05412,Arrhythmogenic right ventricular cardiomyopathy,10/184,86/9389,0.11627906976744186,5.933392315470172,6.4978087362705335,6.380544289133314e-06,0.0007497139539731644,0.0006716362409614015,29119/88/3673/6262/55799/1756/1496/6444/775/3693,10
Human Diseases,Neurodegenerative disease,hsa05012,Parkinson disease,15/184,271/9389,0.055350553505535055,2.8243823199101556,4.30858099932816,0.00027556422373329156,0.02158586419244117,0.019337840261985373,4537/6233/4508/201266/7846/347733/4707/3709/4538/817/10975/2778/4513/5690/126328,15
Human Diseases,Cardiovascular disease,hsa05414,Dilated cardiomyopathy,8/184,105/9389,0.0761904761904762,3.8877846790890276,4.207028432594421,0.001031603908469159,0.04375837637814043,0.03920123303752782,3673/6262/55799/1756/6444/775/2778/3693,8
Organismal Systems,Nervous system,hsa04730,Long-term depression,6/184,60/9389,0.1,5.102717391304348,4.5072664928843365,0.0010863773307692684,0.04375837637814043,0.03920123303752782,2895/3480/3709/2890/2778/5332,6
Human Diseases,Neurodegenerative disease,hsa05020,Prion disease,14/184,278/9389,0.050359712230215826,2.5697137941820456,3.7561541311540494,0.001117235141569543,0.04375837637814043,0.03920123303752782,4537/6262/4508/7846/347733/4707/3709/4685/4538/10975/775/4513/5690/126328,14
