category,subcategory,ID,Description,GeneRatio,BgRatio,RichFactor,FoldEnrichment,zScore,pvalue,p.adjust,qvalue,geneID,Count
Human Diseases,Infectious disease: viral,hsa05171,Coronavirus disease - COVID-19,39/184,238/9387,0.1638655462184874,8.359814578005116,16.261215791930383,1.4583259927590605e-25,3.4270660829837924e-23,3.070159984755917e-23,6143/6202/6168/6233/6147/6208/6176/6181/6224/6194/6228/6161/6207/6205/6154/6152/6222/6189/6210/6191/6229/6169/6139/6129/6164/6134/6135/9349/2197/6232/6206/6227/23521/4736/6209/6132/6142/11224/6230,39
Human Diseases,Cardiovascular disease,hsa05412,Arrhythmogenic right ventricular cardiomyopathy,10/184,86/9387,0.11627906976744186,5.932128412537916,6.496856198539342,6.392388906112017e-06,0.000751105696468162,0.0006728830427486334,29119/88/3673/6262/55799/1756/1496/6444/775/3693,10
Human Diseases,Neurodegenerative disease,hsa05012,Parkinson disease,15/184,271/9387,0.055350553505535055,2.8237806834590087,4.307641716886475,0.00027618676015264264,0.02163462954529034,0.019381527028255626,4537/6233/4508/201266/7846/347733/4707/3709/4538/817/10975/2778/4513/5690/126328,15
Human Diseases,Cardiovascular disease,hsa05414,Dilated cardiomyopathy,8/184,105/9387,0.0761904761904762,3.8869565217391306,4.206283944081425,0.0010330071784310148,0.04384671272006739,0.039280369738022305,3673/6262/55799/1756/6444/775/2778/3693,8
Organismal Systems,Nervous system,hsa04730,Long-term depression,6/184,60/9387,0.1,5.101630434782609,4.506564997616265,0.00108756343174369,0.04384671272006739,0.039280369738022305,2895/3480/3709/2890/2778/5332,6
Human Diseases,Neurodegenerative disease,hsa05020,Prion disease,14/184,278/9387,0.050359712230215826,2.56916640600563,3.755264434855264,0.0011194905375336356,0.04384671272006739,0.039280369738022305,4537/6262/4508/7846/347733/4707/3709/4685/4538/10975/775/4513/5690/126328,14
