Pathway,Overlap_Count,Pathway_Size,Query_Size,P_Value,Odds_Ratio,Fold_Enrichment,Overlap_Genes
microglia_activation,4,21,934,0.014978253438219246,4.81871432510632,4.078719282145406,P2RY12;IL1B;TLR2;CX3CR1
astrocyte_reactivity,5,20,934,0.0018943561857574774,6.8347021395825704,5.353319057815845,OSMR;GLUL;SLC1A2;SOCS3;SERPINA3
cytokine_signaling,5,27,934,0.007527232167478288,4.6581778107352845,3.9654215243080344,CSF1;IL1B;CCL2;CCL4;CXCL12
nf_kappa_b_pathway,1,17,934,0.5566381412979952,1.2761061154003088,1.2596044841919636,NFKBIA
inflammasome_activation,3,17,934,0.04231862873569818,4.3845171048108735,3.778813452575891,IL1B;NLRP1;CASP4
