Pathway,Overlap_Count,Pathway_Size,Query_Size,P_Value,Odds_Ratio,Fold_Enrichment,Overlap_Genes
dopamine_signaling,1,20,934,0.6159483703420058,1.0744302181563503,1.070663811563169,HOMER2
reward_circuitry,1,19,934,0.5971157866227552,1.1342061546111024,1.1270145384875465,CRH
stress_response,3,21,934,0.07220700046592461,3.4095607776514116,3.059039461609055,FOS;CRH;FKBP5
synaptic_plasticity,4,28,934,0.03965941183894147,3.412152027634457,3.0590394616090544,HOMER2;FOS;JUNB;GRIA1
