Pathway,Overlap_Count,Pathway_Size,Query_Size,P_Value,Odds_Ratio,Fold_Enrichment,Overlap_Genes
gabaergic,4,24,934,0.023817307555793952,4.0954841972053355,3.5688793718772307,GABRG1;GABRB1;GABRA2;GABRA4
glutamatergic,3,31,934,0.1746732523101082,2.1907646654821553,2.0722525385093595,SLC1A2;GRIK3;GRIA1
cholinergic,1,23,934,1.0,0.9278017676494211,0.9310120100549296,CHRM2
