Pathway,Overlap_Count,Pathway_Size,Query_Size,P_Value,Odds_Ratio,Fold_Enrichment,Overlap_Genes
microglia_activation,6,21,596,2.5286143289424178e-05,13.139301290527266,9.587727708533077,IL1B;P2RY12;TNF;TMEM119;CX3CR1;TLR4
astrocyte_reactivity,4,20,596,0.0025858745366602875,8.185826472331145,6.7114093959731544,SOCS3;SLC1A2;SERPINA3;OSMR
cytokine_signaling,5,27,596,0.001082750299845303,7.449936899850035,6.214267959234403,CSF1;IL1B;CCL2;TNF;CXCL12
nf_kappa_b_pathway,1,17,596,0.40220698563450197,2.0364523438095503,1.973943939992104,NFKBIA
inflammasome_activation,1,17,596,0.40220698563450197,2.0364523438095503,1.973943939992104,IL1B
