category,subcategory,ID,Description,GeneRatio,BgRatio,RichFactor,FoldEnrichment,zScore,pvalue,p.adjust,qvalue,geneID,Count
Human Diseases,Cardiovascular disease,hsa05412,Arrhythmogenic right ventricular cardiomyopathy,7/126,86/9387,0.08139534883720931,6.063953488372094,5.502635135872429,0.00014821294359246542,0.01932372195943365,0.017931985751829013,29119/775/859/55799/3908/6262/83439,7
Human Diseases,Neurodegenerative disease,hsa05010,Alzheimer disease,15/126,391/9387,0.03836317135549872,2.8580562659846547,4.37742911294974,0.00022612541042867508,0.01932372195943365,0.017931985751829013,201266/2903/6263/6622/5530/775/4535/57181/4537/4538/4514/7979/8660/2597/1350,15
Environmental Information Processing,Signal transduction,hsa04070,Phosphatidylinositol signaling system,7/126,98/9387,0.07142857142857142,5.321428571428571,5.015941939133983,0.0003341516788927187,0.01932372195943365,0.017931985751829013,22876/8871/8821/5305/3707/5286/9162,7
Human Diseases,Neurodegenerative disease,hsa05020,Prion disease,12/126,278/9387,0.04316546762589928,3.2158273381294964,4.3744108346852055,0.0003456388329305768,0.01932372195943365,0.017931985751829013,2903/6263/5530/775/4535/4537/4538/4514/859/6262/7979/1350,12
Metabolism,Carbohydrate metabolism,hsa00562,Inositol phosphate metabolism,6/126,73/9387,0.0821917808219178,6.123287671232877,5.125528594709376,0.0004237658324437204,0.01932372195943365,0.017931985751829013,22876/8871/8821/5305/3707/5286,6
Human Diseases,Neurodegenerative disease,hsa05012,Parkinson disease,11/126,271/9387,0.04059040590405904,3.0239852398523985,3.943541664498491,0.0010197238301994404,0.038749505547578736,0.03595868243334869,201266/6263/6622/120892/4535/57181/4537/4538/4514/7979/1350,11
Cellular Processes,Cellular community - eukaryotes,hsa04520,Adherens junction,6/126,93/9387,0.06451612903225806,4.806451612903226,4.302858446305035,0.0015261849038866427,0.04971002258373636,0.04612979935055868,5795/3480/25945/29119/87/83439,6
