category,subcategory,ID,Description,GeneRatio,BgRatio,RichFactor,FoldEnrichment,zScore,pvalue,p.adjust,qvalue,geneID,Count
Human Diseases,Cardiovascular disease,hsa05412,Arrhythmogenic right ventricular cardiomyopathy,7/126,86/9389,0.08139534883720931,6.065245478036176,5.5034394628048515,0.00014801976909272854,0.019302054509363963,0.01791187883832944,29119/775/859/55799/3908/6262/83439,7
Human Diseases,Neurodegenerative disease,hsa05010,Alzheimer disease,15/126,391/9389,0.03836317135549872,2.85866520521252,4.378370753597852,0.0002256097160516893,0.019302054509363963,0.01791187883832944,201266/2903/6263/6622/5530/775/4535/57181/4537/4538/4514/7979/8660/2597/1350,15
Environmental Information Processing,Signal transduction,hsa04070,Phosphatidylinositol signaling system,7/126,98/9389,0.07142857142857142,5.3225623582766435,5.016710686759876,0.000333725557979241,0.019302054509363963,0.01791187883832944,22876/8871/8821/5305/3707/5286/9162,7
Human Diseases,Neurodegenerative disease,hsa05020,Prion disease,12/126,278/9389,0.04316546762589928,3.2165125042822886,4.375276876933855,0.00034497867929070964,0.019302054509363963,0.01791187883832944,2903/6263/5530/775/4535/4537/4538/4514/859/6262/7979/1350,12
Metabolism,Carbohydrate metabolism,hsa00562,Inositol phosphate metabolism,6/126,73/9389,0.0821917808219178,6.124592302674494,5.126276071377269,0.0004232906690649992,0.019302054509363963,0.01791187883832944,22876/8871/8821/5305/3707/5286,6
Human Diseases,Neurodegenerative disease,hsa05012,Parkinson disease,11/126,271/9389,0.04059040590405904,3.0246295320096057,3.9443586730699383,0.0010179765955495158,0.038683110630881604,0.03589706942200924,201266/6263/6622/120892/4535/57181/4537/4538/4514/7979/1350,11
Cellular Processes,Cellular community - eukaryotes,hsa04520,Adherens junction,6/126,93/9389,0.06451612903225806,4.807475678443421,4.303546853415908,0.0015245437239961791,0.04965656701016126,0.046080193762892026,5795/3480/25945/29119/87/83439,6
