category,subcategory,ID,Description,GeneRatio,BgRatio,RichFactor,FoldEnrichment,zScore,pvalue,p.adjust,qvalue,geneID,Count
Human Diseases,Cardiovascular disease,hsa05417,Lipid and atherosclerosis,5/20,216/9387,0.023148148148148147,10.864583333333332,6.777230980879339,7.201944287141435e-05,0.010154741444869423,0.008339093385111136,7099/10451/4217/4792/19,5
Human Diseases,Endocrine and metabolic disease,hsa04936,Alcoholic liver disease,4/20,144/9387,0.027777777777777776,13.0375,6.72614278313792,0.00021256589426507045,0.014985895545687467,0.012306446510083027,7099/4217/4792/6934,4
