category,subcategory,ID,Description,GeneRatio,BgRatio,RichFactor,FoldEnrichment,zScore,pvalue,p.adjust,qvalue,geneID,Count
Human Diseases,Cardiovascular disease,hsa05417,Lipid and atherosclerosis,5/20,216/9389,0.023148148148148147,10.866898148148149,6.778080818215033,7.194711644556694e-05,0.010144543418824939,0.008330718746328805,7099/10451/4217/4792/19,5
Human Diseases,Endocrine and metabolic disease,hsa04936,Alcoholic liver disease,4/20,144/9389,0.027777777777777776,13.040277777777778,6.7269657057022805,0.00021239349613242392,0.014973741477335887,0.012296465565561387,7099/4217/4792/6934,4
