ID,Description,GeneRatio,BgRatio,RichFactor,FoldEnrichment,zScore,pvalue,p.adjust,qvalue,geneID,Count
GO:0005516,calmodulin binding,19/402,207/18639,0.09178743961352658,4.255786285961497,6.993439345063569,1.2490878195921817e-07,0.0001010512046050075,8.480648880389024e-05,RASGRF2/PLCB1/ITPKB/MYH9/MYO1E/ATP2B4/MYLK/KCNQ3/KCNN3/SLC8A3/MYH11/KCNH1/AEBP1/MAP2/RYR1/TTN/PPP3CA/MBP/SLC24A4,19
GO:0045296,cadherin binding,22/402,334/18639,0.0658682634730539,3.054026275806596,5.623806157597074,3.850385179373132e-06,0.0015574808050564319,0.0013071044424714053,BMPR2/MACF1/DAB2IP/MYH9/CEMIP2/PPFIBP1/STAT1/FASN/CDH13/DDX3X/CDH20/CDH1/ZC3HAV1/CDH4/ACVR1/CDH12/LRRFIP1/CTNNAL1/HSPA5/ANK3/FLNA/HSPA1A,22
GO:0009055,electron transfer activity,10/402,116/18639,0.08620689655172414,3.99704065877509,4.807307992375478,0.00020828656527741162,0.04037366295506531,0.03388330311107556,MT-CO2/MT-CO1/MT-CO3/MT-ND2/MT-ND4/NOX4/ME1/MT-CYB/QDPR/CYBB,10
GO:1990782,protein tyrosine kinase binding,10/402,117/18639,0.08547008547008547,3.962877918101799,4.773080174667795,0.0002234612739020794,0.04037366295506531,0.03388330311107556,BMPR2/NEDD9/IRS2/HSP90AA1/NOX4/CDH1/CBLB/ACVR1/SHC2/PLCG2,10
GO:0019199,transmembrane receptor protein kinase activity,8/402,78/18639,0.10256410256410256,4.755453501722158,4.93452082647177,0.0002741858778383212,0.04037366295506531,0.03388330311107556,BMPR2/NRP1/FGFR1/CRIM1/ACVR1/EFEMP1/TGFBR3/IGF1R,8
GO:0046332,SMAD binding,8/402,79/18639,0.10126582278481013,4.695257887776308,4.886583155353488,0.00029943384144671427,0.04037366295506531,0.03388330311107556,SMAD6/SMAD3/MEF2A/SKIL/ACVR1/TGFBR3/PML/FLNA,8
GO:0003735,structural constituent of ribosome,12/402,175/18639,0.06857142857142857,3.1793603411513858,4.300521798544216,0.00042860134999067785,0.049534070306065485,0.04157110838255447,RPL28/RPLP1/RPS15/RPL37A/RPL10/RPL13A/RPS8/RPS11/RPL13/FAU/RPL18/RPS6,12
GO:0043495,protein-membrane adaptor activity,6/402,47/18639,0.1276595744680851,5.919021911718006,5.0130335587967805,0.0004929600224518398,0.049850582270442305,0.041836738747557466,RETREG1/MYH9/PAQR3/SYNE1/BNIP3/SYNE2,6
