ID,Description,GeneRatio,BgRatio,RichFactor,FoldEnrichment,zScore,pvalue,p.adjust,qvalue,geneID,Count
HALLMARK_MTORC1_SIGNALING,HALLMARK_MTORC1_SIGNALING,20/156,200/4384,0.1,2.8102564102564105,5.033149136623352,2.0651176053467546e-05,0.0009912564505664423,0.0007825708820261387,SCD/FADS1/P4HA1/INSIG1/GBE1/HK2/LDLR/GAPDH/ERO1A/CD9/ME1/SYTL2/PDK1/PIK3R3/STARD4/DDIT4/QDPR/NAMPT/CYP51A1/HSPA5,20
HALLMARK_CHOLESTEROL_HOMEOSTASIS,HALLMARK_CHOLESTEROL_HOMEOSTASIS,11/156,74/4384,0.14864864864864866,4.177408177408178,5.294571028420907,4.898652415768355e-05,0.001175676579784405,0.000928165720882425,SCD/SEMA3B/PLSCR1/LDLR/ANXA5/CD9/FASN/GNAI1/STARD4/ATF3/CYP51A1,11
HALLMARK_HYPOXIA,HALLMARK_HYPOXIA,18/156,200/4384,0.09,2.5292307692307694,4.251799072354344,0.0002173468950359218,0.0026081627404310618,0.002059075847708733,P4HA1/GBE1/MYH9/HK2/ENO2/VEGFA/IRS2/GAPDH/ERO1A/ANGPTL4/ETS1/PDK1/DDIT4/MT2A/ATF3/FOSL2/HSPA5/RRAGD,18
HALLMARK_MYOGENESIS,HALLMARK_MYOGENESIS,18/156,200/4384,0.09,2.5292307692307694,4.251799072354344,0.0002173468950359218,0.0026081627404310618,0.002059075847708733,DMD/SCD/CRYAB/LPIN1/MYH9/APOD/IGFBP7/MYLK/SLC6A8/LAMA2/MEF2A/CDH13/MYH11/KCNH1/AEBP1/RYR1/NAV2/ACSL1,18
HALLMARK_UV_RESPONSE_DN,HALLMARK_UV_RESPONSE_DN,14/156,144/4384,0.09722222222222222,2.7321937321937324,4.059525985730394,0.0005186493683468767,0.004979033936130016,0.003930816265365802,NRP1/INSIG1/ATP2B4/PLPP3/LDLR/SMAD3/SYNE1/RBPMS/PIK3R3/EFEMP1/NOTCH2/TGFBR3/MMP16/IGF1R,14
HALLMARK_APICAL_JUNCTION,HALLMARK_APICAL_JUNCTION,16/156,200/4384,0.08,2.2482051282051283,3.4704490080853367,0.0017750207978532774,0.014200166382826219,0.011210657670652279,NECTIN3/CNTN1/NEGR1/INSIG1/MYH9/EVL/ADAM23/GNAI1/ADAM9/CDH1/EPB41L2/PIK3R3/CDH4/PECAM1/VCAN/CLDN11,16
HALLMARK_EPITHELIAL_MESENCHYMAL_TRANSITION,HALLMARK_EPITHELIAL_MESENCHYMAL_TRANSITION,15/156,200/4384,0.075,2.1076923076923078,3.079773975950833,0.004585870301883362,0.03144596778434305,0.024825764040270832,GREM1/SPP1/ENO2/VEGFA/MYLK/SLC6A8/LAMA2/TNC/VCAN/FN1/NOTCH2/TGFBR3/NTM/FLNA/PLOD1,15
HALLMARK_ANGIOGENESIS,HALLMARK_ANGIOGENESIS,5/156,36/4384,0.1388888888888889,3.903133903133903,3.359341038353366,0.008263746029878663,0.04407331215935287,0.034794720125804895,NRP1/SPP1/VEGFA/FGFR1/VCAN,5
HALLMARK_HEDGEHOG_SIGNALING,HALLMARK_HEDGEHOG_SIGNALING,5/156,36/4384,0.1388888888888889,3.903133903133903,3.359341038353366,0.008263746029878663,0.04407331215935287,0.034794720125804895,NRP1/MYH9/VEGFA/RTN1/PML,5
