"ID","Description","GeneRatio","BgRatio","RichFactor","FoldEnrichment","zScore","pvalue","p.adjust","qvalue","geneID","Count"
"GO:0007631","feeding behavior","4/76","139/28832",0.0287769784172662,10.9170768648239,6.02525611342652,0.000507160351015387,0.0324255424423386,0.0234895320470284,"Fos/Gal/Oxt/Stra6",4
"GO:0060179","male mating behavior","2/76","15/28832",0.133333333333333,50.5824561403509,9.87464961506714,0.000704159958950346,0.0348911259659896,0.0252756364212703,"Hdac4/Oxt",2
"GO:0019098","reproductive behavior","3/76","70/28832",0.0428571428571429,16.2586466165414,6.5709461157946,0.000848600363035167,0.0400458552270405,0.0290097968716784,"Hdac4/Gal/Oxt",3
