"ID","Description","GeneRatio","BgRatio","RichFactor","FoldEnrichment","zScore","pvalue","p.adjust","qvalue","geneID","Count"
"GO:0015643","toxic substance binding","2/27","15/28366",0.133333333333333,140.079012345679,16.6304519538114,9.09134216553052e-05,0.00741537056439771,0.00463460660274857,"A4galt/Gstp2",2
"GO:0001664","G protein-coupled receptor binding","3/27","338/28366",0.00887573964497041,9.32478632478633,4.75243741445265,0.00396769861482764,0.0423221185581615,0.0264513240988509,"Zbtb16/Gal/Oxt",3
