"ID","Description","GeneRatio","BgRatio","RichFactor","FoldEnrichment","zScore","pvalue","p.adjust","qvalue","geneID","Count"
"GO:1903432","regulation of TORC1 signaling","4/85","102/28832",0.0392156862745098,13.3019607843137,6.76783344977514,0.000239917087859195,0.0353005132404153,0.0304004419974115,"Flcn/Cul3/Gpr137c/Szt2",4
"GO:0038202","TORC1 signaling","4/85","117/28832",0.0341880341880342,11.5965811965812,6.24521425383069,0.000404758633742482,0.035719949427774,0.0307616561644286,"Flcn/Cul3/Gpr137c/Szt2",4
"GO:1904263","positive regulation of TORC1 signaling","3/85","57/28832",0.0526315789473684,17.8526315789474,6.92533106635851,0.000644975706980908,0.0499327885784335,0.0430016082941751,"Flcn/Cul3/Gpr137c",3
"GO:0140250","regulation protein catabolic process at synapse","2/85","14/28832",0.142857142857143,48.4571428571428,9.65776734025317,0.000763844357857057,0.0499327885784335,0.0430016082941751,"Prkn/Cul3",2
