"ID","Description","GeneRatio","BgRatio","RichFactor","FoldEnrichment","zScore","pvalue","p.adjust","qvalue","geneID","Count"
"GO:0001841","neural tube formation","3/49","129/28832",0.0232558139534884,13.6839107736118,5.95722841218164,0.0013870831389912,0.0344757276965392,0.0237381970136354,"Specc1l/Sec24b/Stk4",3
"GO:0045746","negative regulation of Notch signaling pathway","2/49","41/28832",0.048780487804878,28.702837232454,7.32398874370722,0.00222401244162975,0.0418616208396128,0.0288237397495336,"Dll4/Nrarp",2
