"ID","Description","GeneRatio","BgRatio","RichFactor","FoldEnrichment","zScore","pvalue","p.adjust","qvalue","geneID","Count"
"GO:0070513","death domain binding","2/47","12/28366",0.166666666666667,100.58865248227,14.0570657997775,0.000175478963904525,0.0012620987019287,0.000710441149411032,"Mcl1/Irgm2",2
"GO:0051400","BH domain binding","2/47","18/28366",0.111111111111111,67.0591016548463,11.4211298731284,0.000404220835732896,0.00251964320940172,0.00141831872186981,"Mcl1/Irgm2",2
"GO:0061629","RNA polymerase II-specific DNA-binding transcription factor binding","5/47","387/28366",0.0129198966408269,7.79756995986585,5.48522492189504,0.000441224833844687,0.0026615820622244,0.00149821675329266,"Fos/Tob2/Hdac4/Uhrf2/Stk4",5
"GO:0000287","magnesium ion binding","4/47","236/28366",0.0169491525423729,10.2293544897223,5.80021148165742,0.000629218045056165,0.00367699295079696,0.00206979620084265,"Sik1/Sik2/Sik3/Stk4",4
"GO:0042393","histone binding","4/47","290/28366",0.0137931034482759,8.32457813646368,5.10758219728787,0.00135061879116975,0.00742840335143365,0.00418148232560296,"Hdac4/Uhrf2/Phf13/Spty2d1",4
"GO:0071889","14-3-3 protein binding","2/47","51/28366",0.0392156862745098,23.6679182311222,6.60069717256998,0.00325329063115462,0.0173818670864547,0.00978433272527705,"Ddit4/Sik1",2
"GO:1990841","promoter-specific chromatin binding","2/47","83/28366",0.0240963855421687,14.5429377082799,5.03373741124305,0.00839594713586391,0.04100023022479,0.0230792176891584,"Fos/Hdac4",2
